rasp1,rasp2,rasp3,rasp4,"location"
0,0,-20,-10,"1.2"
0,0,-14,-17,"1.2"
0,0,-18,-9,"1.2"
0,0,-16,-13,"1.2"
0,0,-13,-14,"1.2"
0,0,-17,-10,"1.2"
0,0,-11,-11,"1.2"
-1,0,-7,-17,"1.2"
-6,0,-14,-17,"1.2"
-1,0,-7,-18,"1.2"
0,0,-16,-10,"1.2"
0,0,-17,-18,"1.2"
0,0,-19,-15,"1.2"
0,0,-12,-17,"1.2"
0,0,-13,-14,"1.2"
0,0,-18,-14,"1.2"
0,0,-18,-11,"1.2"
-1,0,-6,-13,"1.2"
0,0,-14,-19,"1.2"
0,0,-11,-14,"1.2"
0,0,-8,-15,"1.2"
0,0,-19,-11,"1.2"
0,0,-13,-10,"1.2"
-4,0,-10,-12,"1.2"
0,0,-21,-14,"1.2"
0,0,-17,-11,"1.2"
0,0,-9,-14,"1.2"
0,0,-16,-12,"1.2"
0,0,-9,-10,"1.2"
-4,0,-12,-15,"1.2"
-13,0,-29,-16,"1.3"
-7,0,-22,-20,"1.3"
-10,0,-28,-13,"1.3"
-3,0,-23,-21,"1.3"
-10,0,-27,-17,"1.3"
-5,0,-20,-15,"1.3"
-15,0,-23,-17,"1.3"
-14,0,-29,-12,"1.3"
-4,0,-22,-19,"1.3"
-2,0,-31,-22,"1.3"
-8,0,-29,-12,"1.3"
-18,0,-31,-23,"1.3"
-8,0,-26,-22,"1.3"
-25,0,-20,-19,"1.3"
-4,0,-19,-15,"1.3"
-4,0,-19,-18,"1.3"
-5,0,-28,-21,"1.3"
-2,0,-30,-23,"1.3"
-15,0,-29,-23,"1.3"
-8,0,-25,-17,"1.3"
-13,0,-24,-19,"1.3"
-10,0,-15,-16,"1.3"
-11,0,-32,-19,"1.3"
-7,0,-26,-22,"1.3"
-14,0,-29,-21,"1.3"
-13,0,-27,-19,"1.3"
-8,0,-32,-14,"1.3"
-14,0,-25,-19,"1.3"
-22,0,-23,-21,"1.3"
-17,0,-30,-21,"1.3"
-1,0,-18,-17,"1.3"
-7,0,-30,-14,"1.3"
-3,0,-27,-16,"1.3"
-8,0,-28,-16,"1.3"
-21,0,-23,-15,"1.3"
-2,0,-25,-16,"1.3"
-13,0,-20,-18,"1.3"
-11,0,-25,-14,"1.3"
-13,0,-27,-15,"1.3"
-6,0,-17,-17,"1.3"
-17,0,-30,-18,"1.3"
-13,0,-33,-12,"1.3"
-5,0,-25,-22,"1.3"
-7,1,-12,-9,"1.4"
-8,0,-11,-11,"1.4"
-4,0,-11,-15,"1.4"
-5,0,-10,-10,"1.4"
-6,3,-18,-11,"1.4"
0,0,-15,-10,"1.4"
-2,4,-14,-9,"1.4"
-4,1,-13,-7,"1.4"
-6,0,-10,-10,"1.4"
-13,0,-14,-13,"1.4"
-4,0,-15,-15,"1.4"
-7,0,-9,-8,"1.4"
-13,0,-7,-10,"1.4"
-2,3,-12,-12,"1.4"
-5,0,-8,-15,"1.4"
-5,0,-13,-16,"1.4"
-8,0,-10,-14,"1.4"
-6,0,-16,-14,"1.4"
-9,0,-10,-15,"1.4"
-6,0,-17,-9,"1.4"
-3,0,-18,-17,"1.4"
-9,0,-8,-14,"1.4"
-3,2,-13,-7,"1.4"
-12,0,-14,-9,"1.4"
-15,0,-11,-11,"1.4"
0,2,-11,-10,"1.4"
-1,0,-12,-6,"1.4"
-7,0,-10,-7,"1.4"
-1,0,-12,-16,"1.4"
-10,0,-16,-15,"1.4"
-1,0,-11,-14,"1.4"
-3,0,-12,-6,"1.4"
-3,0,-15,-7,"1.4"
-7,1,-12,-7,"1.4"
-12,0,-16,-16,"1.4"
-1,0,-11,-7,"1.4"
0,0,-11,-11,"1.4"
-1,0,-10,-14,"1.4"
-13,1,-9,-14,"1.4"
-2,0,-16,-10,"1.4"
-7,0,-10,-9,"1.4"
-3,9,-18,-17,"1.5"
-9,8,-22,-21,"1.5"
-12,10,-18,-10,"1.5"
-15,7,-15,-23,"1.5"
-6,15,-23,-22,"1.5"
-9,13,-12,-14,"1.5"
-7,0,-22,-16,"1.5"
-7,7,-21,-21,"1.5"
-4,0,-20,-10,"1.5"
-7,20,-27,-17,"1.5"
-4,10,-20,-17,"1.5"
-12,7,-27,-19,"1.5"
-10,5,-16,-19,"1.5"
-14,7,-19,-17,"1.5"
-15,12,-21,-18,"1.5"
-13,7,-21,-23,"1.5"
-10,11,-16,-19,"1.5"
-10,21,-26,-16,"1.5"
-14,13,-22,-28,"1.5"
-4,6,-26,-18,"1.5"
-7,21,-20,-19,"1.5"
-13,11,-23,-23,"1.5"
-6,15,-19,-18,"1.5"
-9,12,-21,-19,"1.5"
-12,6,-29,-17,"1.5"
-16,1,-17,-21,"1.5"
-14,5,-15,-24,"1.5"
-10,17,-20,-17,"1.5"
-10,6,-20,-25,"1.5"
-6,14,-20,-9,"1.5"
-9,14,-20,-17,"1.5"
-13,18,-21,-18,"1.5"
-10,0,-21,-18,"1.5"
-3,21,-21,-11,"1.5"
-11,16,-19,-23,"1.5"
-9,0,-22,-26,"1.5"
-13,16,-24,-18,"1.5"
-7,-6,-11,-14,"2.1"
-7,-16,-6,-20,"2.1"
-7,-8,-16,-24,"2.1"
-4,-13,-7,-24,"2.1"
-9,-15,-4,-23,"2.1"
-3,-15,-4,-24,"2.1"
-9,-11,-13,-19,"2.1"
-5,-14,-7,-23,"2.1"
-5,-12,-7,-20,"2.1"
0,-17,-14,-25,"2.1"
-6,-7,-9,-25,"2.1"
-4,-12,-9,-25,"2.1"
-8,-13,-5,-26,"2.1"
-6,-10,-17,-26,"2.1"
-8,-18,-5,-23,"2.1"
0,-15,-7,-18,"2.1"
-1,-19,-15,-22,"2.1"
-1,-10,-11,-22,"2.1"
-7,-9,-5,-25,"2.1"
-4,-16,-11,-14,"2.1"
0,-17,-7,-11,"2.1"
-3,-15,-9,-26,"2.1"
-14,-14,-8,-26,"2.1"
-6,-15,-8,-23,"2.1"
0,-9,-12,-25,"2.1"
-7,-15,-8,-25,"2.1"
-10,-19,-9,-13,"2.1"
-4,-8,-15,-16,"2.1"
-10,-14,-6,-25,"2.1"
-4,-15,-7,-22,"2.1"
-4,-15,-12,-20,"2.1"
-1,-18,-9,-20,"2.1"
-8,-14,-12,-24,"2.1"
-8,-16,-6,-24,"2.1"
0,-7,-17,-25,"2.1"
-7,-7,-8,-18,"2.1"
-2,-17,-16,-19,"2.1"
-9,-13,-9,-20,"2.1"
0,-16,-15,-23,"2.1"
-7,-20,-11,-23,"2.1"
-4,-8,-11,-20,"2.1"
0,-11,-10,-24,"2.1"
-2,-11,-8,-24,"2.1"
-5,-15,-4,-24,"2.1"
-4,-12,-9,-24,"2.1"
-10,-20,-13,-25,"2.1"
-7,-12,-11,-13,"2.1"
-1,-13,-11,-24,"2.1"
-3,-16,-9,-27,"2.1"
-3,-16,-5,-22,"2.1"
-1,-15,-11,-19,"2.1"
-3,-6,-2,-31,"2.2"
-5,-6,0,-29,"2.2"
-3,-2,-6,-32,"2.2"
-3,-10,-4,-28,"2.2"
0,-6,-7,-28,"2.2"
-2,-1,-7,-29,"2.2"
-3,-11,-3,-28,"2.2"
-1,-8,-4,-29,"2.2"
-3,-9,-25,-17,"2.3"
0,-7,-13,-17,"2.3"
-4,-24,-14,-23,"2.3"
-4,-5,-22,-23,"2.3"
-6,-20,-26,-25,"2.3"
-10,-9,-17,-19,"2.3"
-2,-11,-16,-18,"2.3"
-4,-7,-25,-23,"2.3"
0,-7,-22,-16,"2.3"
-2,-6,-17,-22,"2.3"
-4,-11,-23,-22,"2.3"
-5,-18,-18,-24,"2.3"
0,-11,-20,-18,"2.3"
-5,-4,-25,-25,"2.3"
0,-4,-12,-13,"2.3"
-1,-8,-19,-24,"2.3"
-1,-9,-17,-19,"2.3"
-5,-5,-14,-18,"2.3"
-5,-14,-15,-16,"2.3"
-9,-15,-17,-18,"2.3"
-5,-19,-23,-25,"2.3"
-2,-15,-15,-19,"2.3"
-2,-7,-23,-22,"2.3"
-8,-10,-14,-17,"2.3"
-8,-9,-23,-25,"2.3"
-6,-6,-15,-22,"2.3"
-7,-12,-12,-23,"2.3"
-4,-9,-27,-26,"2.3"
-4,-2,-18,-22,"2.3"
-2,-13,-19,-18,"2.3"
-6,-14,-15,-17,"2.3"
-17,-3,-14,-13,"2.4"
-16,-1,-10,-17,"2.4"
-15,0,-17,-20,"2.4"
-16,-2,-15,-10,"2.4"
-21,-3,-15,-16,"2.4"
-9,-6,-21,-14,"2.4"
-13,-2,-13,-9,"2.4"
-17,-4,-5,-19,"2.4"
-7,0,-11,-13,"2.4"
-20,0,-7,-14,"2.4"
-17,0,-15,-18,"2.4"
-16,0,-5,-11,"2.4"
-13,0,-14,-12,"2.4"
-23,0,-14,-17,"2.4"
-15,0,-21,-27,"2.5"
-9,0,-21,-28,"2.5"
-17,0,-16,-30,"2.5"
-15,0,-17,-24,"2.5"
-18,0,-15,-18,"2.5"
-17,0,-12,-19,"2.5"
-22,0,-13,-25,"2.5"
-18,-6,-26,-27,"2.5"
-21,0,-18,-25,"2.5"
-14,0,-12,-23,"2.5"
-14,0,-18,-14,"2.5"
-21,0,-21,-23,"2.5"
-15,0,-14,-23,"2.5"
-16,0,-25,-12,"2.5"
-11,0,-15,-13,"2.5"
-23,0,-15,-31,"2.5"
-12,0,-25,-22,"2.5"
-14,0,-25,-25,"2.5"
-17,0,-16,-25,"2.5"
-12,0,-13,-24,"2.5"
-17,0,-14,-23,"2.5"
-13,0,-14,-25,"2.5"
-16,0,-22,-10,"2.5"
-20,0,-23,-10,"2.5"
-21,0,-20,-13,"2.5"
-23,0,-22,-27,"2.5"
-16,0,-11,-22,"2.5"
-17,-1,-19,-27,"2.5"
-8,0,-28,-23,"2.5"
-12,0,-23,-25,"2.5"
-13,0,-17,-13,"2.5"
-13,0,-15,-25,"2.5"
-17,0,-27,-29,"2.5"
-7,0,-18,-30,"2.5"
-14,0,-16,-24,"2.5"
-15,0,-18,-19,"2.5"
-16,0,-26,-29,"2.5"
-18,0,-20,-20,"2.5"
-18,0,-12,-18,"2.5"
-18,0,-15,-29,"2.5"
-12,0,-15,-31,"2.5"
-21,0,-17,-21,"2.5"
-11,0,-21,-25,"2.5"
-19,0,-17,-22,"2.5"
-20,0,-18,-28,"2.5"
-12,0,-23,-29,"2.5"
-16,0,-16,-18,"2.5"
-18,0,-17,-11,"2.5"
-11,0,-24,-25,"2.5"
-17,0,-19,-32,"2.5"
-15,0,-18,-20,"2.5"
-6,-11,-20,-31,"3.1"
-16,-21,-20,-24,"3.1"
-4,-11,-26,-25,"3.1"
-3,-18,-14,-30,"3.1"
-12,-15,-14,-26,"3.1"
-7,-11,-13,-32,"3.1"
-10,-25,-10,-20,"3.1"
-6,-12,-16,-30,"3.1"
-8,-8,-13,-29,"3.1"
-7,-17,-16,-32,"3.1"
-5,-10,-12,-36,"3.1"
-17,-13,-20,-23,"3.1"
-5,-16,-19,-29,"3.1"
-2,-8,-16,-29,"3.1"
-4,-17,-17,-32,"3.1"
-7,-17,-14,-28,"3.1"
-9,-15,-15,-23,"3.1"
-6,-10,-13,-28,"3.2"
0,-11,-11,-25,"3.2"
0,-5,-16,-26,"3.2"
-6,-18,-15,-22,"3.2"
0,-15,-15,-28,"3.2"
-8,-18,-14,-21,"3.2"
0,-12,-20,-28,"3.2"
-1,-9,-19,-26,"3.2"
-10,-19,-20,-24,"3.2"
-3,-20,-26,-24,"3.2"
0,-22,-11,-27,"3.2"
0,-12,-10,-23,"3.2"
-7,-10,-15,-23,"3.2"
0,-14,-11,-24,"3.2"
0,-14,-11,-27,"3.2"
-4,-15,-24,-26,"3.2"
-14,-9,-12,-29,"3.2"
-6,-8,-26,-23,"3.2"
-4,-13,-15,-22,"3.2"
-6,-14,-15,-25,"3.2"
-4,-9,-16,-28,"3.2"
-4,-9,-15,-23,"3.2"
-5,-13,-15,-25,"3.2"
-1,-18,-12,-23,"3.2"
-6,-9,-21,-24,"3.2"
-1,-14,-23,-21,"3.2"
0,-8,-12,-21,"3.2"
0,-10,-23,-22,"3.2"
-2,-8,-14,-21,"3.2"
0,-12,-18,-25,"3.2"
-7,-16,-12,-25,"3.2"
-3,-18,-15,-23,"3.2"
0,-16,-10,-21,"3.2"
0,-17,-16,-26,"3.2"
-4,-11,-8,-27,"3.2"
-5,-13,-18,-23,"3.2"
0,-9,-10,-22,"3.2"
-6,-13,-11,-23,"3.2"
-7,-13,-18,-21,"3.2"
-11,-8,-16,-20,"3.3"
-15,-5,-19,-18,"3.3"
-16,-8,-13,-23,"3.3"
-19,-12,-11,-18,"3.3"
-10,-11,-23,-28,"3.3"
-18,-12,-15,-10,"3.3"
-23,-15,-23,-27,"3.3"
-13,-8,-10,-25,"3.3"
-13,-11,-14,-17,"3.3"
-9,-12,-12,-23,"3.3"
-13,-9,-13,-25,"3.3"
-19,-10,-22,-17,"3.3"
-13,-13,-20,-24,"3.3"
-10,-10,-17,-26,"3.3"
-18,-9,-10,-25,"3.3"
-17,-5,-19,-23,"3.3"
-15,-6,-15,-26,"3.3"
-27,-10,-15,-23,"3.3"
-10,-7,-13,-21,"3.3"
-13,-21,-18,-27,"3.3"
-10,-9,-15,-26,"3.3"
-13,-7,-10,-13,"3.3"
-15,-8,-17,-24,"3.3"
-12,-6,-17,-15,"3.3"
-13,-6,-17,-13,"3.3"
-19,-9,-16,-25,"3.3"
-9,-19,-19,-22,"3.3"
-14,-5,-7,-26,"3.3"
-16,-9,-13,-20,"3.3"
-12,-11,-21,-18,"3.3"
-20,-13,-20,-26,"3.3"
-12,-13,-19,-24,"3.3"
-16,-6,-15,-15,"3.3"
-19,-9,-18,-16,"3.3"
-20,-11,-15,-19,"3.3"
-17,-7,-15,-24,"3.3"
-12,-15,-18,-27,"3.3"
-13,-8,-13,-20,"3.3"
-11,-9,-14,-26,"3.3"
-13,-7,-13,-27,"3.3"
-13,-1,-8,-28,"3.4"
-15,-6,-2,-18,"3.4"
-9,-3,-8,-22,"3.4"
-17,-6,-8,-16,"3.4"
-22,-4,-9,-19,"3.4"
-12,-4,-5,-19,"3.4"
-11,0,-4,-26,"3.4"
-12,-1,-12,-27,"3.4"
-15,-6,-5,-26,"3.4"
-9,-1,-4,-26,"3.4"
-15,-11,-4,-28,"3.4"
-12,-8,-7,-17,"3.4"
-18,-5,-4,-27,"3.4"
-10,-4,-6,-17,"3.4"
-9,0,-5,-29,"3.4"
-16,0,-5,-26,"3.4"
-16,-3,-3,-19,"3.4"
-16,-3,-4,-21,"3.4"
-14,-4,-5,-26,"3.4"
-8,-4,-6,-27,"3.4"
-6,-3,-11,-15,"3.4"
-16,-3,-9,-24,"3.4"
-15,-4,-3,-27,"3.4"
-11,-5,-6,-20,"3.4"
-13,-1,-8,-27,"3.4"
-15,-1,-5,-28,"3.4"
-9,-4,-2,-19,"3.4"
-9,-3,-5,-25,"3.4"
-8,-2,-4,-18,"3.4"
-12,0,-24,-27,"3.5"
-23,-2,-26,-26,"3.5"
-18,-3,-29,-17,"3.5"
-20,-8,-22,-19,"3.5"
-14,-4,-24,-29,"3.5"
-20,-10,-30,-25,"3.5"
-21,-4,-21,-29,"3.5"
-17,-11,-16,-28,"3.5"
-17,-7,-27,-13,"3.5"
-11,-8,-26,-28,"3.5"
-14,-6,-20,-24,"3.5"
-14,0,-29,-23,"3.5"
-21,-3,-24,-24,"3.5"
-13,-15,-27,-19,"3.5"
-17,-6,-27,-24,"3.5"
-15,-6,-20,-31,"3.5"
-14,0,-23,-15,"3.5"
-21,-6,-26,-15,"3.5"
-20,0,-19,-24,"3.5"
-16,0,-20,-25,"3.5"
-20,-5,-28,-23,"3.5"
-20,-1,-25,-17,"3.5"
-13,-7,-21,-33,"3.5"
-18,-9,-9,-30,"4.1"
-13,-21,-25,-23,"4.1"
-11,-17,-10,-22,"4.1"
-14,-10,-18,-22,"4.1"
-5,-10,-18,-29,"4.1"
-11,-11,-7,-12,"4.1"
-12,-16,-22,-25,"4.1"
-6,-10,-8,-24,"4.1"
-8,-12,-18,-23,"4.1"
-10,-14,-20,-17,"4.1"
-11,-12,-24,-19,"4.1"
-8,-11,-16,-21,"4.1"
-18,-14,-15,-23,"4.1"
-6,-8,-17,-17,"4.1"
-14,-9,-7,-24,"4.1"
-12,-14,-13,-14,"4.1"
-10,-11,-13,-24,"4.1"
-9,-10,-21,-24,"4.1"
-15,-9,-15,-29,"4.1"
-13,-9,-18,-23,"4.1"
-7,-14,-9,-20,"4.1"
-11,-14,-18,-27,"4.1"
-8,-13,-22,-17,"4.1"
-16,-9,-9,-24,"4.1"
-12,-11,-18,-11,"4.1"
-7,-17,-9,-25,"4.1"
-20,-13,-14,-28,"4.1"
-12,-13,-17,-26,"4.1"
-11,-14,-21,-22,"4.1"
-8,-15,-19,-14,"4.1"
-19,-13,-19,-21,"4.1"
-10,-9,-17,-17,"4.1"
-18,-8,-17,-15,"4.1"
-8,-7,-15,-21,"4.1"
-11,-12,-17,-20,"4.1"
-7,-23,-8,-28,"4.1"
-9,-8,-8,-10,"4.1"
-8,-18,-18,-29,"4.1"
-17,-18,-21,-28,"4.1"
-16,-15,-7,-18,"4.1"
-19,-15,-18,-22,"4.1"
-7,-10,-22,-15,"4.1"
-18,-10,-18,-17,"4.1"
-18,-15,-11,-29,"4.1"
-11,-21,-21,-20,"4.2"
-12,-16,-10,-19,"4.2"
-17,-10,-22,-14,"4.2"
-17,-24,-15,-25,"4.2"
-20,-14,-20,-13,"4.2"
-22,-10,-19,-21,"4.2"
-19,-13,-20,-15,"4.2"
-21,-7,-14,-15,"4.2"
-20,-10,-15,-12,"4.2"
-12,-7,-9,-17,"4.2"
-13,-16,-23,-16,"4.2"
-16,-14,-16,-14,"4.2"
-21,-11,-19,-15,"4.2"
-25,-13,-13,-15,"4.2"
-8,-9,-15,-16,"4.2"
-16,-12,-14,-13,"4.2"
-20,-9,-10,-21,"4.2"
-9,-13,-13,-20,"4.2"
-11,-8,-19,-23,"4.2"
-12,-13,-10,-17,"4.2"
-18,-11,-21,-18,"4.2"
-12,-19,-23,-19,"4.2"
-9,-19,-21,-23,"4.2"
-16,-9,-19,-16,"4.2"
-18,-18,-23,-15,"4.2"
-24,-10,-20,-16,"4.2"
-5,-10,-8,-20,"4.2"
-17,-13,-19,-17,"4.2"
-17,-8,-8,-12,"4.2"
-17,-15,-20,-15,"4.2"
-22,-13,-16,-13,"4.2"
-11,-18,-16,-14,"4.3"
-11,-8,-20,-13,"4.3"
-12,-17,-22,-20,"4.3"
-9,-11,-16,-20,"4.3"
-5,-9,-13,-10,"4.3"
-7,-10,-12,-17,"4.3"
-7,-9,-14,-12,"4.3"
-17,-21,-11,-20,"4.3"
-6,-9,-16,-20,"4.3"
-8,-19,-9,-25,"4.3"
-9,-10,-8,-10,"4.3"
-3,-13,-15,-9,"4.3"
-11,-12,-15,-14,"4.3"
-12,-20,-17,-10,"4.3"
-9,-8,-11,-9,"4.3"
-8,-14,-16,-14,"4.3"
-11,-12,-21,-22,"4.3"
-6,-24,-11,-12,"4.3"
-5,-11,-17,-16,"4.3"
-9,-13,-13,-18,"4.3"
-6,-14,-12,-14,"4.3"
-13,-18,-15,-17,"4.3"
-8,-12,-16,-22,"4.3"
-5,-14,-15,-8,"4.3"
-12,-15,-16,-22,"4.3"
-8,-9,-12,-9,"4.3"
-12,-14,-9,-24,"4.3"
-8,-10,-12,-14,"4.3"
-17,-9,-10,-12,"4.4"
-29,-10,-5,-15,"4.4"
-21,-12,-5,-11,"4.4"
-16,-11,-8,-14,"4.4"
-23,-12,-17,-23,"4.4"
-17,-9,-7,-13,"4.4"
-23,-13,-7,-20,"4.4"
-17,-11,-8,-12,"4.4"
-26,-13,-13,-25,"4.4"
-9,-22,-7,-21,"4.4"
-18,-5,-4,-8,"4.4"
-25,-10,-9,-11,"4.4"
-13,-13,-8,-12,"4.4"
-26,-8,-10,-17,"4.4"
-12,-13,-4,-17,"4.4"
-18,-16,-14,-17,"4.4"
-29,-9,-6,-19,"4.4"
-21,-9,-9,-17,"4.4"
-19,-13,-7,-15,"4.4"
-25,-16,-10,-21,"4.4"
-22,-16,-8,-14,"4.4"
-22,-9,-7,-18,"4.4"
-27,-7,-2,-16,"4.4"
-15,-14,-7,-17,"4.4"
-24,-15,-16,-21,"4.4"
-11,-10,-6,-15,"4.4"
-18,-13,-8,-17,"4.4"
-20,-17,-9,-14,"4.4"
-16,-17,-5,-19,"4.4"
-19,-15,-6,-16,"4.4"
-9,-14,-9,-14,"4.4"
-14,-6,-10,-23,"4.4"
-18,-13,-4,-19,"4.4"
-20,-13,-4,-15,"4.4"
-22,-5,-11,-24,"4.5"
-11,-5,-22,-20,"4.5"
-21,0,-23,-16,"4.5"
-24,-10,-15,-29,"4.5"
-21,-11,-20,-22,"4.5"
-24,-7,-20,-17,"4.5"
-22,0,-24,-15,"4.5"
-21,-8,-15,-21,"4.5"
-27,-8,-17,-18,"4.5"
-25,-5,-10,-19,"4.5"
-24,-9,-22,-17,"4.5"
-26,-4,-19,-16,"4.5"
-24,-8,-15,-18,"4.5"
-22,-4,-12,-23,"4.5"
-20,-4,-22,-18,"4.5"
-19,-9,-11,-21,"4.5"
-26,-6,-19,-24,"4.5"
-22,0,-11,-22,"4.5"
-21,-4,-19,-17,"4.5"
-21,-5,-19,-21,"4.5"
-17,-5,-22,-23,"4.5"
-21,-7,-17,-21,"4.5"
-22,0,-23,-32,"4.5"
-22,-7,-19,-25,"4.5"
-26,-8,-15,-17,"4.5"
-24,-7,-12,-18,"4.5"
-18,-2,-14,-23,"4.5"
-21,-5,-14,-24,"4.5"
-22,-5,-14,-12,"4.5"
-23,-6,-13,-20,"4.5"
-21,-7,-13,-19,"4.5"
-20,-2,-10,-18,"4.5"
-20,-4,-10,-16,"4.5"
-21,-5,-20,-22,"4.5"
-22,-10,-15,-18,"4.5"
-24,-10,-18,-19,"4.5"
-23,-3,-13,-23,"4.5"
-23,-3,-15,-17,"4.5"
-21,-9,-20,-22,"4.5"
-23,-1,-14,-22,"4.5"
-21,-3,-17,-21,"4.5"
-24,-5,-16,-21,"4.5"
-22,0,-7,-18,"4.5"
-22,-5,-11,-22,"4.5"
-20,-4,-18,-16,"4.5"
-25,0,-22,-17,"4.5"
-24,-1,-24,-14,"4.5"
-20,-6,-15,-23,"4.5"
-22,-6,-16,-19,"4.5"
-21,-3,-9,-17,"4.5"
-27,-1,-17,-14,"4.5"
-25,-7,-20,-17,"4.5"
-25,-16,-10,-21,"5.1"
-25,-20,-16,-26,"5.1"
-25,-21,-12,-27,"5.1"
-24,-12,-13,-22,"5.1"
-26,-24,-14,-27,"5.1"
-23,-14,-27,-21,"5.1"
-27,-20,-20,-20,"5.1"
-24,-22,-11,-21,"5.1"
-26,-26,-8,-26,"5.1"
-25,-17,-15,-24,"5.1"
-24,-8,-14,-19,"5.1"
-26,-17,-18,-26,"5.1"
-25,-14,-26,-22,"5.1"
-27,-19,-14,-25,"5.1"
-25,-21,-14,-25,"5.1"
-28,-17,-17,-20,"5.1"
-27,-21,-18,-20,"5.1"
-26,-21,-13,-19,"5.1"
-9,-13,-11,-17,"5.2"
-5,-18,-17,-32,"5.2"
-11,-7,-14,-20,"5.2"
-11,-16,-11,-24,"5.2"
-6,-16,-21,-23,"5.2"
-5,-6,-17,-18,"5.2"
-2,-15,-15,-24,"5.2"
-10,-17,-16,-22,"5.2"
-7,-17,-12,-26,"5.2"
-12,-17,-11,-28,"5.2"
-9,-11,-13,-21,"5.2"
0,-9,-20,-24,"5.2"
-7,-17,-18,-25,"5.2"
-5,-6,-15,-29,"5.2"
-7,-11,-13,-31,"5.2"
-10,-14,-10,-22,"5.2"
-7,-15,-9,-26,"5.2"
-7,-15,-13,-26,"5.2"
-4,-7,-16,-17,"5.2"
-7,-12,-9,-17,"5.2"
-4,-12,-16,-31,"5.2"
-11,-11,-18,-22,"5.2"
-6,-10,-16,-22,"5.2"
-11,-14,-14,-23,"5.2"
-6,-15,-16,-22,"5.2"
-8,-10,-19,-14,"5.2"
-6,-14,-9,-18,"5.2"
-5,-5,-9,-14,"5.3"
-11,-12,-4,-18,"5.3"
-20,-12,-11,-16,"5.3"
-22,-15,-4,-21,"5.3"
-20,-12,-4,-21,"5.3"
-22,-23,-18,-27,"5.3"
-19,-5,-16,-21,"5.3"
-22,-15,-4,-24,"5.3"
-24,-12,-11,-19,"5.3"
-24,-15,-14,-31,"5.3"
-21,-11,-9,-22,"5.3"
-18,-13,-9,-23,"5.3"
-20,-12,-9,-23,"5.3"
-17,-8,-12,-26,"5.3"
-20,-7,-4,-17,"5.3"
-20,-9,-6,-24,"5.3"
-21,-13,-14,-16,"5.3"
-20,-14,-4,-23,"5.3"
-6,-20,-9,-16,"5.3"
-15,-11,-5,-23,"5.3"
-17,-7,-15,-16,"5.3"
-15,-10,-3,-26,"5.3"
-20,-9,-8,-23,"5.3"
-9,-12,-9,-17,"5.3"
-22,-10,-2,-18,"5.3"
-14,-11,-9,-18,"5.3"
-26,-9,-8,-19,"5.4"
-24,-9,-8,-21,"5.4"
-21,-11,-4,-12,"5.4"
-22,-10,-8,-23,"5.4"
-32,-9,-5,-9,"5.4"
-24,-18,-12,-20,"5.4"
-23,-10,-11,-18,"5.4"
-26,-7,-11,-17,"5.4"
-25,-9,-19,-29,"5.4"
-19,-8,-5,-12,"5.4"
-22,-14,-13,-20,"5.4"
-23,-8,-13,-19,"5.4"
-25,-18,-21,-29,"5.4"
-25,-10,-11,-21,"5.4"
-25,-14,-11,-16,"5.4"
-16,-11,-20,-24,"5.4"
-26,-14,-4,-20,"5.4"
-22,-13,-6,-14,"5.4"
-23,-6,-9,-24,"5.4"
-22,-9,-5,-11,"5.4"
-21,-22,-17,-14,"5.4"
-21,-13,-11,-19,"5.4"
-23,-12,-17,-18,"5.4"
-19,-4,-8,-25,"5.4"
-23,-14,-7,-8,"5.4"
-22,-10,-13,-7,"5.4"
-26,-4,-7,-12,"5.4"
-22,-5,-11,-14,"5.4"
-23,-17,-7,-21,"5.4"
-20,-18,-13,-17,"5.4"
-21,-11,-14,-16,"5.4"
-21,-11,-8,-13,"5.4"
-20,-4,-8,-9,"5.4"
-21,-17,-13,-20,"5.4"
-19,-14,-12,-25,"5.4"
-21,-6,-9,-9,"5.4"
-22,-14,-11,-9,"5.4"
-23,-9,-5,-19,"5.4"
-23,-12,-5,-19,"5.4"
-22,-8,-12,-17,"5.4"
-27,-8,-5,-9,"5.4"
-25,-17,-23,-29,"5.4"
-23,-12,-7,-21,"5.4"
-26,-12,-11,-8,"5.4"
-24,-15,-8,-19,"5.4"
-23,-10,-10,-14,"5.4"
-21,-13,-7,-20,"5.4"
-23,-5,-13,-10,"5.4"
-27,-16,-21,-15,"5.4"
-24,-15,-20,-16,"5.4"
-22,-7,-6,-20,"5.4"
-25,-10,-14,-22,"5.4"
-23,-7,-11,-22,"5.4"
-23,-19,-9,-16,"5.4"
-21,-17,-6,-16,"5.4"
-28,-17,-17,-19,"5.5"
-20,-27,-20,-17,"5.5"
-28,-22,-16,-18,"5.5"
-23,-14,-10,-15,"5.5"
-22,-15,-10,-19,"5.5"
-17,-18,-9,-19,"5.5"
-17,-19,-23,-7,"5.5"
-19,-18,-10,-7,"5.5"
-25,-19,-9,-17,"5.5"
-23,-12,-8,-16,"5.5"
-13,-20,-20,-18,"5.5"
-20,-16,-19,-9,"5.5"
-25,-14,-12,-12,"5.5"
-19,-22,-9,-14,"5.5"
-22,-15,-13,-21,"5.5"
-19,-20,-24,-16,"5.5"
-19,-17,-18,-6,"5.5"
-19,-13,-14,-16,"5.5"
-22,-21,-10,-17,"5.5"
-20,-20,-25,-19,"5.5"
-31,-21,-8,-12,"5.5"
-20,-24,-16,-19,"5.5"
-14,-14,-8,-15,"5.5"
-23,-18,-21,-17,"5.5"
-16,-13,-12,-11,"5.5"
-26,-21,-11,-16,"5.5"
-23,-17,-8,-11,"5.5"
-20,-23,-20,-14,"5.5"
-19,-13,-8,-19,"5.5"
-20,-18,-10,-9,"5.5"
-17,-16,-16,-9,"5.5"
-20,-23,-12,-15,"5.5"
-14,-22,-12,-20,"5.5"
-25,-15,-18,-10,"5.5"
-16,-19,-12,-5,"5.5"
-18,-13,-9,-18,"5.5"
-19,-22,-8,-9,"5.5"
-17,-18,-18,-13,"5.5"
-22,-11,-23,-14,"6.1"
-23,-20,-16,-9,"6.1"
-20,-15,-19,-11,"6.1"
-20,-12,-12,-16,"6.1"
-16,-10,-25,-13,"6.1"
-22,-8,-21,-9,"6.1"
-21,-11,-19,-12,"6.1"
-18,-11,-23,-14,"6.1"
-17,-18,-26,-8,"6.1"
-19,-13,-18,-14,"6.1"
-25,-17,-12,-9,"6.1"
-22,-21,-23,-11,"6.1"
-19,-10,-18,-15,"6.1"
-22,-10,-18,-8,"6.1"
-23,-14,-15,-17,"6.1"
-21,-11,-13,-12,"6.1"
-23,-12,-13,-12,"6.1"
-17,-8,-18,-8,"6.1"
-22,-12,-19,-11,"6.1"
-21,-9,-16,-14,"6.1"
-21,-17,-14,-14,"6.1"
-20,-9,-13,-17,"6.1"
-24,-12,-16,-13,"6.1"
-22,-12,-15,-15,"6.1"
-25,-8,-13,-16,"6.1"
-22,-17,-20,-13,"6.1"
-21,-18,-17,-11,"6.1"
-9,-20,-12,-10,"6.1"
-21,-21,-28,-14,"6.1"
-22,-16,-17,-11,"6.1"
-20,-10,-18,-17,"6.1"
-20,-15,-16,-8,"6.1"
-20,-11,-19,-19,"6.1"
-23,-14,-20,-14,"6.1"
-22,-22,-28,-19,"6.1"
-17,-13,-15,-26,"6.2"
-12,-17,-10,-13,"6.2"
-13,-7,-18,-15,"6.2"
-17,-14,-12,-10,"6.2"
-18,-16,-6,-20,"6.2"
-19,-15,-13,-8,"6.2"
-16,-17,-8,-21,"6.2"
-16,-21,-18,-16,"6.2"
-13,-9,-15,-20,"6.2"
-17,-11,-7,-12,"6.2"
-15,-15,-20,-19,"6.2"
-19,-13,-15,-15,"6.2"
-16,-13,-15,-20,"6.2"
-16,-10,-12,-11,"6.2"
-14,-13,-10,-17,"6.2"
-15,-17,-9,-9,"6.2"
-18,-13,-11,-13,"6.2"
-18,-10,-14,-21,"6.2"
-19,-12,-17,-19,"6.2"
-14,-12,-22,-17,"6.2"
-17,-10,-9,-24,"6.2"
-20,-15,-7,-18,"6.2"
-14,-27,-20,-14,"6.2"
-16,-13,-10,-21,"6.2"
-18,-17,-10,-24,"6.2"
-14,-11,-10,-18,"6.2"
-19,-8,-16,-17,"6.2"
-19,-12,-11,-15,"6.2"
-16,-12,-15,-17,"6.2"
-19,-12,-7,-21,"6.2"
-17,-14,-10,-19,"6.2"
-14,-22,-15,-25,"6.2"
-12,-19,-19,-8,"6.2"
-20,-12,-13,-17,"6.2"
-20,-19,-15,-17,"6.2"
-15,-15,-20,-12,"6.2"
-20,-15,-18,-14,"6.2"
-14,-20,-14,-14,"6.2"
-14,-10,-19,-19,"6.2"
-17,-11,-12,-23,"6.2"
-16,-5,-12,-9,"6.2"
-17,-11,-12,-15,"6.2"
-18,-13,-14,-8,"6.2"
-18,-5,-17,-9,"6.2"
-14,-18,-13,-18,"6.2"
-15,-8,-12,-15,"6.2"
-15,-21,-21,-14,"6.2"
-17,-12,-14,-20,"6.2"
-19,-10,-10,-16,"6.2"
-20,-8,-11,-18,"6.2"
-8,-13,-3,-9,"6.3"
-17,-9,-3,-8,"6.3"
-7,-12,-5,-12,"6.3"
-17,-13,-9,-15,"6.3"
-6,-8,-4,-10,"6.3"
-10,-13,-7,-10,"6.3"
-7,-12,-8,-13,"6.3"
-14,-8,-4,-16,"6.3"
-19,-12,-9,-14,"6.3"
-22,-8,-6,-16,"6.3"
-6,-10,-4,-11,"6.3"
-19,-10,-15,-12,"6.3"
-9,-8,-6,-10,"6.3"
-18,-15,-12,-15,"6.3"
-11,-15,-13,-11,"6.3"
-13,-8,-8,-15,"6.3"
-12,-9,-7,-11,"6.3"
-13,-15,-4,-11,"6.3"
-18,-10,-4,-9,"6.3"
-6,-9,-8,-9,"6.3"
-19,-9,-9,-12,"6.3"
-8,-9,-7,-15,"6.3"
-17,-9,-6,-10,"6.3"
-15,-9,-6,-8,"6.3"
-17,-5,-12,-11,"6.3"
-9,-7,-8,-15,"6.3"
-17,-12,-4,-11,"6.3"
-9,-9,-8,-12,"6.3"
-25,-7,-11,-13,"6.3"
-16,-14,-11,-11,"6.3"
-15,-7,-10,-16,"6.3"
-17,-13,-10,-12,"6.3"
-11,-18,-23,-21,"6.4"
-10,-20,-21,-20,"6.4"
-5,-13,-18,-18,"6.4"
-13,-15,-9,-23,"6.4"
-18,-16,-14,-19,"6.4"
-18,-17,-15,-14,"6.4"
-11,-11,-9,-24,"6.4"
-24,-21,-16,-19,"6.4"
-10,-12,-11,-20,"6.4"
-13,-17,-13,-18,"6.4"
-11,-10,-10,-20,"6.4"
-14,-8,-21,-25,"6.4"
-12,-18,-14,-17,"6.4"
-16,-11,-14,-22,"6.4"
-9,-19,-15,-14,"6.4"
-10,-8,-9,-14,"6.4"
-7,-11,-17,-19,"6.4"
-15,-15,-12,-21,"6.4"
-7,-11,-15,-8,"6.4"
-7,-11,-14,-24,"6.4"
-20,-11,-6,-20,"6.4"
-12,-12,-15,-23,"6.4"
-11,-14,-7,-13,"6.4"
-10,-16,-9,-21,"6.4"
-9,-10,-16,-21,"6.4"
-12,-16,-19,-12,"6.4"
-18,-11,-24,-8,"6.4"
-13,-12,-16,-20,"6.4"
-10,-10,-13,-13,"6.4"
-12,-19,-17,-23,"6.4"
-11,-13,-8,-17,"6.4"
-11,-17,-13,-19,"6.4"
-10,-11,-12,-22,"6.4"
-17,-11,-19,-21,"6.4"
-13,-15,-13,-23,"6.4"
-10,-12,-8,-11,"6.4"
-14,-12,-19,-16,"6.4"
-24,-6,-20,-16,"6.5"
-27,-14,-12,-8,"6.5"
-30,-7,-22,-11,"6.5"
-25,-14,-16,-6,"6.5"
-27,-12,-17,-13,"6.5"
-24,-15,-18,-17,"6.5"
-25,-17,-12,-8,"6.5"
-28,-8,-12,-5,"6.5"
-28,-18,-19,-10,"6.5"
-26,-15,-8,-10,"6.5"
-27,-10,-15,-21,"6.5"
-29,-16,-19,-3,"6.5"
-22,-11,-13,-4,"6.5"
-29,-13,-12,-2,"6.5"
-23,-22,-9,-11,"6.5"
-29,-4,-22,-9,"6.5"
-24,-20,-9,-15,"6.5"
-27,-8,-14,-5,"6.5"
-27,-9,-10,-16,"6.5"
-26,-20,-14,-4,"6.5"
-13,-17,-8,-14,"6.5"
-29,-9,-11,-8,"6.5"
-27,-7,-9,-13,"6.5"
-27,-6,-14,-19,"6.5"
-25,-16,-11,-9,"6.5"
-27,-13,-19,-7,"6.5"
-23,-15,-8,-10,"6.5"
-28,-12,-17,-12,"6.5"
-30,-14,-19,-8,"6.5"
-30,-12,-17,-9,"6.5"
-24,-16,-16,-18,"6.5"
-28,-6,-10,-9,"6.5"
-28,-17,-17,-7,"6.5"
-29,-16,-14,-4,"6.5"
-26,-16,-15,-10,"6.5"
-27,-10,-18,-2,"6.5"
-24,-7,-13,-9,"6.5"
-29,-15,-9,-8,"6.5"
-24,-17,-17,-4,"6.5"
-24,-9,-9,-6,"6.5"
-30,-15,-18,-11,"6.5"
-34,-18,-14,-2,"6.5"
-26,-10,-9,-9,"6.5"
-24,-16,-21,-11,"6.5"
-18,-21,-10,-11,"6.5"
-24,-12,-11,-9,"6.5"
-24,-19,-10,-13,"6.5"
-18,-16,-10,-11,"7.1"
-11,-21,-7,-16,"7.1"
-20,-17,-10,-12,"7.1"
-17,-11,-6,-16,"7.1"
-24,-14,-9,-17,"7.1"
-16,-20,-12,-7,"7.1"
-22,-19,-11,-11,"7.1"
-15,-12,-9,-11,"7.1"
-23,-27,-12,-16,"7.1"
-19,-20,-15,-12,"7.1"
-25,-15,-16,-25,"7.1"
-16,-16,-10,-17,"7.1"
-24,-26,-17,-22,"7.1"
-16,-18,-12,-14,"7.1"
-24,-9,-7,-21,"7.1"
-18,-22,-6,-13,"7.1"
-17,-13,-15,-15,"7.1"
-12,-17,-8,-17,"7.1"
-23,-22,-16,-25,"7.1"
-11,-20,-12,-10,"7.1"
-24,-16,-19,-20,"7.1"
-13,-15,-10,-13,"7.1"
-17,-20,-13,-13,"7.1"
-22,-15,-9,-7,"7.1"
-19,-25,-11,-16,"7.1"
-16,-17,-15,-10,"7.1"
-10,-19,-11,-16,"7.1"
-10,-21,-9,-10,"7.1"
-12,-13,-13,-17,"7.1"
-24,-23,-12,-17,"7.1"
-15,-14,-14,-11,"7.1"
-22,-17,-9,-11,"7.1"
-13,-18,-11,-11,"7.1"
-13,-13,-11,-9,"7.1"
-18,-14,-7,-12,"7.1"
-25,-25,-6,-12,"7.1"
-23,-14,-17,-26,"7.1"
-11,-15,-11,-10,"7.1"
-19,-15,-11,-11,"7.1"
-25,-21,-20,-27,"7.1"
-23,-17,-14,-22,"7.1"
-16,-17,-14,-20,"7.1"
-22,-16,-9,-14,"7.1"
-23,-19,-21,-23,"7.1"
-25,-7,-22,-7,"7.2"
-19,-10,-24,-12,"7.2"
-27,-9,-22,-11,"7.2"
-26,-9,-19,-10,"7.2"
-22,-8,-21,-12,"7.2"
-24,-7,-20,-5,"7.2"
-25,-7,-22,-8,"7.2"
-25,-11,-25,-8,"7.2"
-28,-7,-23,-6,"7.2"
-27,-5,-10,-7,"7.2"
-18,-5,-24,-15,"7.2"
-22,-13,-21,-8,"7.2"
-23,-7,-24,-5,"7.2"
-28,-14,-9,-11,"7.3"
-30,-18,-11,-7,"7.3"
-27,-16,-12,-10,"7.3"
-29,-14,-13,-7,"7.3"
-18,-10,-16,-2,"7.3"
-31,-15,-6,-6,"7.3"
-31,-18,-13,-14,"7.3"
-30,-17,-10,-7,"7.3"
-29,-21,-8,-5,"7.3"
-29,-18,-12,-7,"7.3"
-28,-16,-21,-7,"7.3"
-28,-19,-20,-10,"7.3"
-28,-13,-16,-9,"7.3"
-30,-20,-12,-7,"7.3"
-22,-14,-15,-7,"7.3"
-29,-15,-16,-5,"7.3"
-23,-13,-11,-10,"7.3"
-30,-17,-13,-12,"7.3"
-31,-16,-11,-13,"7.3"
-29,-12,-12,-3,"7.3"
-28,-18,-7,-6,"7.3"
-31,-20,-10,-7,"7.3"
-27,-18,-16,-14,"7.3"
-27,-15,-10,-7,"7.3"
-30,-18,-10,-6,"7.3"
-19,-13,-9,-14,"7.4"
-26,-12,-10,-11,"7.4"
-17,-9,-6,-9,"7.4"
-26,-16,-9,-13,"7.4"
-18,-12,-7,-9,"7.4"
-20,-16,-7,-16,"7.4"
-18,-21,-9,-11,"7.4"
-19,-14,-5,-14,"7.4"
-20,-16,-10,-8,"7.4"
-14,-16,-6,-9,"7.4"
-15,-12,-4,-11,"7.4"
-19,-17,-4,-10,"7.4"
-22,-20,-13,-17,"7.4"
-26,-14,-7,-14,"7.4"
-26,-10,-3,-17,"7.4"
-25,-17,-5,-18,"7.4"
-28,-19,-10,-11,"7.4"
-27,-16,-6,-9,"7.4"
-26,-16,-15,-14,"7.4"
-26,-13,-4,-13,"7.4"
-25,-15,-11,-15,"7.4"
-14,-11,-4,-19,"7.4"
-16,-19,-7,-10,"7.5"
-14,-19,-5,-20,"7.5"
-10,-21,-4,-23,"7.5"
-10,-17,-9,-21,"7.5"
-17,-19,-3,-21,"7.5"
-20,-12,-9,-24,"7.5"
-15,-18,-6,-13,"7.5"
-11,-18,0,-16,"7.5"
-11,-19,-7,-13,"7.5"
-20,-20,-10,-20,"7.5"
-12,-14,-2,-19,"7.5"
-15,-19,-4,-21,"7.5"
-16,-26,-3,-17,"7.5"
-16,-17,-4,-16,"7.5"
-14,-22,-9,-18,"7.5"
-21,-23,-5,-24,"7.5"
-8,-17,-5,-17,"7.5"
-8,-18,-10,-21,"7.5"
-11,-23,-3,-7,"7.5"
-8,-21,-9,-15,"7.5"
-13,-17,-4,-27,"7.5"
-10,-14,-5,-17,"7.5"
-12,-21,-2,-21,"7.5"
-9,-19,-7,-23,"7.5"
-9,-23,-4,-21,"7.5"
-12,-20,-7,-12,"7.5"
-12,-19,-13,-9,"7.5"
-15,-27,-5,-11,"7.5"
-11,-16,-10,-21,"7.5"
-16,-15,-13,-22,"7.5"
-9,-16,-12,-17,"7.5"
-8,-17,-6,-24,"7.5"
-15,-16,-6,-24,"7.5"
-10,-17,-6,-15,"7.5"
-14,-16,-6,-16,"7.5"
-14,-20,-8,-21,"7.5"
-15,-18,-3,-15,"7.5"
-10,-15,-7,-16,"7.5"
-14,-14,-14,-17,"7.5"
-12,-16,-5,-15,"7.5"
-6,-21,-5,-22,"7.5"
-28,-16,-9,-8,"8.1"
-30,-21,-14,-10,"8.1"
-19,-11,-7,-4,"8.1"
-13,-21,-9,-11,"8.1"
-25,-15,-18,-27,"8.1"
-23,-15,-9,-5,"8.1"
-30,-24,-9,-20,"8.1"
-23,-12,-14,-12,"8.1"
-12,-17,-13,-15,"8.1"
-21,-17,-15,-8,"8.1"
-22,-14,-9,-8,"8.1"
-29,-16,-11,-17,"8.1"
-24,-24,-17,-17,"8.1"
-25,-23,-18,-17,"8.1"
-22,-16,-7,-14,"8.1"
-31,-27,-20,-16,"8.1"
-25,-22,-25,-18,"8.1"
-17,-16,-12,-15,"8.1"
-29,-17,-17,-21,"8.1"
-14,-19,-10,-16,"8.1"
-13,-16,-12,-15,"8.1"
-21,-18,-15,-23,"8.1"
-11,-14,-15,-15,"8.1"
-32,-31,-13,-17,"8.1"
-21,-12,-10,-19,"8.1"
-31,-26,-13,-17,"8.1"
-11,-13,-17,-13,"8.1"
-31,-30,-14,-11,"8.1"
-31,-26,-11,-7,"8.1"
-32,-11,-10,-11,"8.1"
-28,-21,-15,-16,"8.1"
-17,-20,-19,-9,"8.2"
-19,-17,-15,-9,"8.2"
-11,-19,-11,-4,"8.2"
-9,-15,-18,-11,"8.2"
-15,-17,-16,-10,"8.2"
-16,-12,-16,-10,"8.2"
-12,-13,-17,-10,"8.2"
-21,-15,-21,-8,"8.2"
-21,-11,-17,-14,"8.2"
-16,-16,-15,-13,"8.2"
-17,-14,-17,-4,"8.2"
-18,-15,-11,-12,"8.2"
-14,-11,-10,-14,"8.2"
-14,-10,-11,-9,"8.2"
-19,-24,-6,-8,"8.2"
-17,-15,-20,-16,"8.2"
-13,-20,-21,-9,"8.2"
-16,-10,-7,-8,"8.2"
-15,-19,-14,-7,"8.2"
-14,-20,-7,-5,"8.2"
-19,-21,-18,-5,"8.2"
-10,-10,-17,-9,"8.2"
-15,-17,-19,-11,"8.2"
-21,-18,-19,-4,"8.2"
-20,-15,-7,-6,"8.2"
-20,-16,-17,-6,"8.2"
-11,-11,-17,-14,"8.2"
-11,-12,-20,-7,"8.2"
-12,-19,-5,-7,"8.2"
-13,-11,-18,-5,"8.2"
-14,-17,-7,-3,"8.2"
-17,-18,-19,-9,"8.2"
-11,-13,-7,-8,"8.2"
-20,-20,-4,-10,"8.3"
-11,-16,-2,-9,"8.3"
-10,-19,-7,-6,"8.3"
-11,-15,-13,-10,"8.3"
-17,-10,-5,-6,"8.3"
-16,-10,-17,-11,"8.3"
-23,-17,-13,-7,"8.3"
-23,-15,-13,-6,"8.3"
-7,-12,-14,-13,"8.3"
-18,-12,-14,-15,"8.3"
-17,-18,-9,-3,"8.3"
-17,-25,-3,-7,"8.3"
-14,-12,-12,-13,"8.3"
-9,-10,-10,-10,"8.3"
-11,-12,-3,-9,"8.3"
-13,-19,-2,-4,"8.3"
-12,-13,-3,-9,"8.3"
-13,-12,-1,-8,"8.3"
-18,-23,-10,-10,"8.3"
-6,-14,-2,-12,"8.3"
-10,-11,-12,-5,"8.3"
-18,-16,-13,-4,"8.3"
-9,-16,-8,-19,"8.4"
-12,-9,-3,-11,"8.4"
-9,-10,-6,-14,"8.4"
-7,-14,-5,-5,"8.4"
-10,-10,-4,-14,"8.4"
-22,-16,-9,-20,"8.4"
-20,-10,-2,-22,"8.4"
-9,-17,-5,-10,"8.4"
-24,-9,-4,-10,"8.4"
-8,-20,-4,-2,"8.4"
-17,-10,-9,-13,"8.4"
-15,-10,-3,-10,"8.4"
-10,-14,-5,-14,"8.4"
-16,-10,-13,-12,"8.4"
-10,-20,-11,-22,"8.4"
-8,-11,-3,-16,"8.4"
-8,-13,-12,-8,"8.4"
-10,-21,-2,-8,"8.4"
-14,-16,-7,-16,"8.4"
-7,-8,-3,-15,"8.4"
-13,-14,-7,-6,"8.4"
-17,-11,-13,-16,"8.4"
-10,-18,-1,-9,"8.4"
-19,-10,-11,-20,"8.4"
-13,-16,-6,-10,"8.4"
-11,-14,-7,-15,"8.4"
-17,-11,-11,-14,"8.4"
-14,-18,-9,-17,"8.4"
-13,-12,-11,-18,"8.4"
-8,-12,-7,-15,"8.4"
-20,-17,-7,-14,"8.4"
-18,-14,-5,-9,"8.5"
-17,-9,-15,-11,"8.5"
-15,-18,-3,-14,"8.5"
-17,-18,-6,-8,"8.5"
-20,-11,-15,-8,"8.5"
-19,-19,-11,-8,"8.5"
-19,-20,-16,-9,"8.5"
-20,-11,-15,-14,"8.5"
-20,-17,-13,-11,"8.5"
-25,-14,-14,-12,"8.5"
-14,-10,-15,-6,"8.5"
-19,-16,-6,-11,"8.5"
-14,-10,-5,-8,"8.5"
-15,-12,-15,-13,"8.5"
-17,-15,-19,-14,"8.5"
-20,-13,-12,-8,"8.5"
-22,-24,-10,-17,"8.5"
-15,-11,-7,-5,"8.5"
-15,-17,-7,-12,"8.5"
-17,-14,-5,-8,"8.5"
-19,-16,-18,0,"9.1"
-22,-13,-16,0,"9.1"
-17,-12,-13,0,"9.1"
-25,-19,-19,0,"9.1"
-19,-15,-23,-1,"9.1"
-20,-11,-19,0,"9.1"
-18,-8,-18,0,"9.1"
-22,-15,-12,-2,"9.1"
-20,-20,-19,0,"9.1"
-25,-9,-19,-2,"9.1"
-26,-18,-17,-3,"9.1"
-20,-12,-19,0,"9.1"
-20,-11,-12,0,"9.1"
-27,-10,-17,0,"9.1"
-15,-8,-17,0,"9.1"
-20,-15,-20,-2,"9.1"
-15,-17,-15,0,"9.1"
-17,-12,-11,0,"9.1"
-21,-8,-19,0,"9.1"
-20,-12,-15,0,"9.1"
-20,-14,-6,0,"9.1"
-24,-9,-18,0,"9.1"
-15,-14,-16,-1,"9.1"
-25,-12,-15,0,"9.1"
-24,-14,-9,0,"9.1"
-19,-9,-11,-2,"9.1"
-21,-12,-18,0,"9.1"
-18,-8,-9,0,"9.1"
-23,-10,-16,-2,"9.1"
-21,-11,-23,0,"9.1"
-14,-11,-19,-3,"9.1"
-24,-15,-20,0,"9.1"
-26,-10,-16,-3,"9.1"
-25,-18,-15,-1,"9.1"
-29,-12,-13,0,"9.1"
-23,-7,-18,-3,"9.2"
-20,-10,-19,0,"9.2"
-14,-4,-17,0,"9.2"
-22,-8,-17,0,"9.2"
-21,-7,-20,0,"9.2"
-19,-7,-18,-2,"9.2"
-26,-7,-16,0,"9.2"
-22,-6,-20,0,"9.2"
-27,-5,-10,0,"9.2"
-30,-10,-19,0,"9.2"
-5,-16,-18,-14,"9.3"
-3,-14,-11,-9,"9.3"
-2,-18,-17,-15,"9.3"
-4,-17,-14,-14,"9.3"
-2,-21,-15,-12,"9.3"
-7,-16,-12,-7,"9.3"
-8,-13,-16,-11,"9.3"
-9,-21,-13,-4,"9.3"
-7,-24,-12,-13,"9.3"
-3,-13,-15,-3,"9.3"
-10,-9,-13,-6,"9.3"
-3,-17,-17,-13,"9.3"
-9,-16,-14,-8,"9.3"
-21,-11,0,-4,"9.4"
-13,-6,-4,-9,"9.4"
-11,-11,-2,-13,"9.4"
-13,-7,-3,-20,"9.4"
-12,-11,0,-2,"9.4"
-12,-6,-5,-2,"9.4"
-14,-15,-5,-18,"9.4"
-8,-9,0,-6,"9.4"
-10,-7,-4,-13,"9.4"
-20,-7,0,-9,"9.4"
-10,-6,-4,-11,"9.4"
-12,-11,-2,-5,"9.4"
-7,-10,0,-11,"9.4"
-9,-8,-3,-9,"9.4"
-11,-4,-2,-7,"9.4"
-14,-5,-3,-8,"9.4"
-12,-5,0,-9,"9.4"
-10,-7,-4,-14,"9.4"
-9,-10,0,-8,"9.4"
-11,-10,-2,-11,"9.4"
-15,-15,-5,-14,"9.4"
-10,-7,0,-6,"9.4"
-9,-23,-7,-2,"9.5"
-16,-20,0,-5,"9.5"
-11,-19,-7,-6,"9.5"
-9,-26,-9,-7,"9.5"
-8,-18,0,-6,"9.5"
-12,-23,-5,-7,"9.5"
-13,-22,-6,-9,"9.5"
-16,-26,-7,-6,"9.5"
-9,-21,-6,-5,"9.5"
-9,-17,-2,-12,"9.5"
-9,-17,-4,-11,"9.5"
-18,-23,0,-5,"9.5"
-7,-20,-9,-14,"9.5"
-16,-18,-4,-6,"9.5"
-9,-16,0,-8,"9.5"
-11,-25,0,-3,"9.5"
-12,-22,-7,-5,"9.5"
-5,-25,0,-9,"9.5"
-13,-20,-2,-9,"9.5"
-11,-16,-7,-2,"9.5"
-7,-18,-4,-2,"9.5"
-9,-22,-5,-6,"9.5"
-9,-23,-8,-6,"9.5"
-11,-25,-8,-1,"9.5"
-13,-21,-7,-15,"9.5"
-8,-21,-7,-11,"9.5"
-13,-18,-16,0,"10.1"
-15,-24,-19,0,"10.1"
-13,-14,-17,0,"10.1"
-21,-15,-17,0,"10.1"
-23,-16,-16,0,"10.1"
-16,-21,-18,0,"10.1"
-24,-22,-13,0,"10.1"
-19,-24,-8,0,"10.1"
-17,-24,-17,0,"10.1"
-24,-13,-17,0,"10.1"
-15,-17,-11,0,"10.1"
-23,-20,-14,-10,"10.2"
-22,-23,-6,-8,"10.2"
-16,-18,-4,-22,"10.2"
-24,-22,-18,-13,"10.2"
-27,-15,-6,-9,"10.2"
-22,-18,0,-14,"10.2"
-23,-16,-7,-18,"10.2"
-21,-19,-6,-17,"10.2"
-24,-15,0,-14,"10.2"
-17,-21,-16,-9,"10.2"
-14,-18,-10,-8,"10.2"
-27,-12,-7,-17,"10.2"
-21,-16,-11,-16,"10.2"
-16,-13,-5,-15,"10.2"
-25,-12,-6,-13,"10.2"
-24,-23,-1,-17,"10.2"
-27,-17,-6,-14,"10.2"
-16,-19,-7,-16,"10.2"
-19,-19,-7,-15,"10.2"
-21,-16,-9,-17,"10.2"
-17,-16,-7,-16,"10.2"
-23,-19,-6,-6,"10.2"
-17,-15,-7,-15,"10.2"
-18,-20,-10,-13,"10.2"
-28,-20,0,-10,"10.2"
-19,-13,0,-18,"10.2"
-17,-21,-5,-14,"10.2"
-20,-24,-4,-13,"10.2"
-19,-15,-3,-12,"10.2"
-14,-13,-5,-2,"10.3"
-22,-13,-8,-8,"10.3"
-17,-17,-10,-2,"10.3"
-13,-22,-12,-8,"10.3"
-24,-14,-8,-6,"10.3"
-22,-22,-2,-5,"10.3"
-19,-12,-1,-5,"10.3"
-18,-20,-3,-2,"10.3"
-22,-18,-1,0,"10.3"
-20,-14,-10,0,"10.3"
-21,-24,-9,-2,"10.3"
-13,-15,-9,0,"10.3"
-21,-19,-11,-6,"10.3"
-14,-10,-8,-3,"10.3"
-14,-19,-8,0,"10.3"
-16,-11,-9,-3,"10.3"
-16,-11,-6,0,"10.3"
-21,-10,-10,-3,"10.3"
-19,-16,0,0,"10.3"
-16,-15,-8,-3,"10.3"
-18,-10,0,-8,"10.3"
-14,-18,-6,-1,"10.3"
-20,-20,-5,-6,"10.3"
-14,-16,-1,-6,"10.3"
-19,-15,-9,-9,"10.3"
-18,-10,-8,-2,"10.3"
-28,-15,-6,-11,"10.4"
-26,-6,0,-13,"10.4"
-24,-15,-5,-10,"10.4"
-13,-14,0,-10,"10.4"
-28,-12,-3,-8,"10.4"
-17,-15,-1,-13,"10.4"
-14,-7,-5,-8,"10.4"
-28,-11,-4,-9,"10.4"
-29,-7,-3,-10,"10.4"
-26,-16,-2,-5,"10.4"
-27,-8,0,-11,"10.4"
-19,-5,-3,-8,"10.4"
-21,-15,-3,-13,"10.4"
-23,-14,-4,-3,"10.4"
-19,-7,-5,-10,"10.4"
-27,-11,-5,-14,"10.4"
-15,-11,-2,-11,"10.4"
-27,-8,-4,-7,"10.4"
-25,-9,-2,-5,"10.4"
-25,-5,-4,-12,"10.4"
-25,-12,-3,-13,"10.4"
-28,-15,-4,-6,"10.4"
-26,-12,-1,-9,"10.4"
-14,-12,0,-8,"10.4"
-20,-7,-7,-8,"10.4"
-20,-10,-7,-8,"10.4"
-27,-11,-6,-8,"10.4"
-18,-11,-1,-14,"10.4"
-17,-13,-1,-7,"10.4"
-16,-13,-1,-7,"10.4"
-17,-8,0,-8,"10.4"
-20,-9,-4,-5,"10.4"
-26,-14,0,-9,"10.4"
-18,-7,0,-10,"10.4"
-19,-16,0,-10,"10.4"
-26,-7,-2,-8,"10.4"
-17,-11,-4,-8,"10.4"
-28,-8,-2,-7,"10.4"
-20,-7,-1,-7,"10.4"
-19,-11,0,-9,"10.4"
-28,-10,-2,-9,"10.4"
-26,-14,-1,-9,"10.4"
-20,-6,0,-8,"10.4"
-20,-14,0,-11,"10.4"
-28,-11,0,-9,"10.4"
-14,-10,-1,-9,"10.4"
-12,-13,-4,-9,"10.4"
-24,-7,-1,-8,"10.4"
-28,-15,0,-12,"10.4"
-19,-15,0,-3,"10.5"
-17,-25,0,-14,"10.5"
-16,-25,0,-8,"10.5"
-25,-25,0,-1,"10.5"
-18,-22,0,-11,"10.5"
-21,-26,0,-10,"10.5"
-25,-25,0,-16,"10.5"
-18,-26,0,-13,"10.5"
-22,-27,0,-6,"10.5"
-19,-27,0,-10,"10.5"
-18,-28,0,-11,"10.5"
-17,-26,0,-6,"10.5"
-26,-23,0,-12,"10.5"
-21,-28,0,-9,"10.5"
-24,-26,0,-12,"10.5"
-20,-27,0,-6,"10.5"
-26,-24,0,-3,"10.5"
-13,-27,0,-9,"10.5"
-18,-24,0,-6,"10.5"
-19,-26,0,-3,"10.5"
-12,-28,0,-3,"10.5"
-19,-26,0,-10,"10.5"
-16,-26,0,-6,"10.5"
-26,-25,0,-14,"10.5"
-18,-23,0,-5,"10.5"
-14,-24,0,-13,"10.5"
-17,-23,0,-7,"10.5"
-13,-27,0,-18,"10.5"
-21,-26,0,-4,"10.5"
-14,-23,0,-8,"10.5"
-16,-26,0,-7,"10.5"
-26,-23,0,-10,"10.5"
-20,-27,0,-11,"10.5"
-18,-21,0,-11,"10.5"
-15,-25,0,-12,"10.5"
-16,-26,0,-7,"10.5"
-12,-23,0,-12,"10.5"
-20,-26,0,-6,"10.5"
-12,-21,0,-16,"10.5"
-12,-25,0,-7,"10.5"
-24,-23,0,-15,"10.5"
-21,-30,0,-8,"10.5"
-22,-24,0,-14,"10.5"
-17,-30,0,-8,"10.5"
-12,-24,0,-8,"10.5"
-16,-29,0,-10,"10.5"
-16,-27,0,-6,"10.5"
